,mean,std,2.5q,25q,50q,75q,97.5q,mc err
sv,0.5835913097409073,0.07549911435432753,0.42741520808588884,0.5354935840815176,0.5863959627442482,0.634176868372388,0.7247644634819489,0.002783947067708471
sz(0),0.06525950103875337,0.04721497668005518,0.002536784784075132,0.02600598663180293,0.05705591172610382,0.09602388985744581,0.17254885779396123,0.0011590087920415912
sz(1),0.47195750012368626,0.030201727850119334,0.4107332897696902,0.4516351796109838,0.47323504121129495,0.4929142069025603,0.5287056741095942,0.001190023866653991
st,0.14108508487267546,0.002613423632663911,0.1359625689892125,0.13937266005244067,0.14112060864862758,0.14286567917800108,0.14610990915322797,0.00014489325089124934
t_Intercept,0.4145571650610858,0.012183786050839338,0.39117639555710887,0.4064638280582527,0.414217118610683,0.4224163263981998,0.4395425719291818,0.0001381342801145103
t_Intercept_std,0.04763975323480244,0.010008932020403247,0.03251036224026749,0.040531078310273486,0.04611670353848415,0.052940127225410444,0.07121536238013118,0.00014945571939732562
t_Intercept_subj.S1,0.4210526307861892,0.004077367291735771,0.41301877161587675,0.4183846728272818,0.421117731970077,0.4238079224145526,0.4290109521993729,0.00016444513973853117
t_Intercept_subj.S10,0.4301458112048637,0.0034420495120842274,0.4231320537599558,0.42795044679518873,0.4302197869314384,0.4324028222271405,0.4367546586669739,0.00012118445413903521
t_Intercept_subj.S11,0.39956732803393125,0.004019709230150478,0.3916747218376445,0.39680022297315903,0.39958401249182607,0.4023246222622626,0.40729060134689976,0.0001360797896884165
t_Intercept_subj.S12,0.4495326206353635,0.00418014129455066,0.44114466913482264,0.4467841691591011,0.44952012326584767,0.4524056413144045,0.45755115370258237,0.00018261964842865915
t_Intercept_subj.S13,0.41616874942789145,0.004651925299134242,0.40688685713429346,0.41315925054347447,0.41622984797029433,0.41932376508639013,0.42502929318297056,0.00031103370752116167
t_Intercept_subj.S14,0.47694312072688855,0.004638149777351746,0.46700197897644846,0.47394179889889776,0.47713513223668896,0.48014780241642324,0.48554700793671657,0.0003102332568888025
t_Intercept_subj.S15,0.4816022813638554,0.005280433485754055,0.47086665203707706,0.4781676427270974,0.4817472783526917,0.48523990266376454,0.49150764188567686,0.00016776800963916183
t_Intercept_subj.S16,0.44186836297207127,0.004040650244149577,0.4335578405129365,0.4392009627774671,0.44197810407830895,0.44467719589902016,0.44947357535196086,0.0001297855351790651
t_Intercept_subj.S2,0.4212800329574391,0.0047974621665304055,0.4112213886412111,0.4182744296290104,0.4214278926579834,0.42454831126783854,0.43015398962277224,0.00020598622970478394
t_Intercept_subj.S3,0.43321104350426065,0.004838886980589805,0.42352620574205274,0.42996867445878184,0.4332757273096853,0.436563635475396,0.44253254906587985,0.00018687564099660736
t_Intercept_subj.S4,0.3710794640436837,0.004481270215586579,0.36228028408728685,0.36808064622135644,0.3711205001397167,0.3741666105382809,0.37962852627373794,0.0001604917705925614
t_Intercept_subj.S5,0.42521795187726247,0.005452201182684926,0.41440467751360316,0.42159825862377254,0.4252449680965318,0.4288991050842195,0.43587133369519965,0.0001706484508038464
t_Intercept_subj.S6,0.34289410407359566,0.004897283153222038,0.3326704272853522,0.3397641359820673,0.3430109331162814,0.3461734772535921,0.3521508323407567,0.00015709175631637036
t_Intercept_subj.S7,0.3344965293316436,0.00490321925009751,0.32457481127198917,0.3311826151038283,0.33460682081572257,0.33786517195276966,0.34386054869944416,0.00014040742500194786
t_Intercept_subj.S8,0.41306387414438633,0.004756710865767542,0.4033530564300414,0.4098220043594235,0.41318664644675357,0.4163826172110329,0.4220444614801445,0.00017903021171235617
t_Intercept_subj.S9,0.36577232749810284,0.003952130559832393,0.35779415543221554,0.3631817285955608,0.3658391110648929,0.3685038729075115,0.37319959403105885,0.00012799560794846495
t_SAT,-0.07766560288488067,0.014448142475081176,-0.10620876380572028,-0.08690076180307044,-0.07760836734465516,-0.06840540322164172,-0.048989644648400554,0.00017455868517385537
t_SAT_std,0.05615838240583447,0.011705972557673673,0.03855443039835255,0.04808695499667588,0.05432515327704146,0.06228991377697239,0.08377897119579122,0.00017574697603265005
t_SAT_subj.S1,-0.09171162586479449,0.00476559113497144,-0.10107536622368483,-0.09494959550975385,-0.09163653807515862,-0.08850529634957197,-0.08243078268504557,0.00019461665909672852
t_SAT_subj.S10,-0.026709229775994613,0.004251983621376259,-0.035011996944147174,-0.029585470957532542,-0.02670458596229896,-0.023900827137394203,-0.018202659695841276,0.0001314196990699035
t_SAT_subj.S11,-0.04182380470988694,0.005211415236290093,-0.05199607599555513,-0.04539520806613485,-0.04181391144138108,-0.03828325259521579,-0.03180211628280651,0.00016583683397006688
t_SAT_subj.S12,-0.13347869916138821,0.004350445780829783,-0.14183844285170516,-0.13641834328006483,-0.133539033288486,-0.1305925949597471,-0.12491631944615293,0.00017765977761434904
t_SAT_subj.S13,-0.14274090993256583,0.005095246443525988,-0.1522962674214599,-0.14626936960328282,-0.14265651896336548,-0.13943186793759085,-0.13237876051053699,0.000330057954119155
t_SAT_subj.S14,-0.1202308697859881,0.004915828270131826,-0.12967725192315036,-0.12359332589726381,-0.12041160928115592,-0.11694941741392267,-0.11017125096879259,0.0003221361577906989
t_SAT_subj.S15,-0.0773345498163458,0.006946029993974571,-0.09107069988465535,-0.08198315004050172,-0.07723822846778071,-0.07266032777579964,-0.06366532638723657,0.00021580736174809574
t_SAT_subj.S16,-0.06397373172438507,0.005047906578585502,-0.07387248369060442,-0.06736569458225697,-0.06399121530067671,-0.0605997615150438,-0.053969810504751976,0.00016547085880460293
t_SAT_subj.S2,-0.1503255066127862,0.005672275790143672,-0.16134871904187215,-0.1541033550678227,-0.15044931748595666,-0.14659378665953166,-0.13914444085168295,0.00022006887920742634
t_SAT_subj.S3,-0.10282761959203808,0.00582517956732513,-0.11410558451863623,-0.10687155190814653,-0.10289245287285925,-0.09878079605717985,-0.09141145236255097,0.00022792959337715842
t_SAT_subj.S4,-0.15072035614563564,0.005325989396611214,-0.16111992578647466,-0.15426606788182665,-0.1507714881948339,-0.1472214553301343,-0.14019894627835489,0.00018868097631967394
t_SAT_subj.S5,-0.011618224598929463,0.0074240488269237985,-0.02633245606889926,-0.016601574172029593,-0.01153298104436595,-0.0065549816693161525,0.0026183232469282943,0.00023950437476117254
t_SAT_subj.S6,-0.01777689669266773,0.0060898550807547995,-0.029551587384174162,-0.021888460156069017,-0.017806215897685156,-0.01379777761868806,-0.005708924791540247,0.00019175324808981363
t_SAT_subj.S7,-0.008069335078657505,0.00632772439647766,-0.0205347648815416,-0.012318664241738601,-0.008083158497514564,-0.003864675499432646,0.004316679055707447,0.0001779473473587823
t_SAT_subj.S8,-0.04630923935209838,0.00597585944692494,-0.05799259518061053,-0.050351812601092456,-0.046376090186509435,-0.042332149336863634,-0.034457701209077665,0.00022110646909315673
t_SAT_subj.S9,-0.05750362033911083,0.004769359196185166,-0.06681319045609438,-0.06070768611893213,-0.057577178456901884,-0.05429368193339669,-0.04807181985399753,0.00016831390961528678
t_FC,0.07055044142387375,0.008414264633086529,0.05414603358386408,0.06515893679397701,0.07051002888321642,0.07590852524541943,0.08717942486584576,0.00012889008074113946
t_FC_std,0.03241119930801857,0.00708183349644939,0.02164614478075888,0.027399380264314016,0.03140123719162012,0.03621477112602703,0.04957640413359276,0.00015104135064779176
t_FC_subj.S1,0.03960909615410435,0.006981113893821221,0.025814324827531543,0.03496177009893797,0.03974591977896343,0.04425363252039509,0.053089786194924035,0.0002819098657467522
t_FC_subj.S10,0.0687580701111524,0.006085639973179151,0.056781886254565254,0.06461654405006867,0.0688039046517622,0.0727605546190466,0.0805349032406417,0.00018953247171171625
t_FC_subj.S11,0.0889436579643748,0.006838682060397932,0.07528206360191439,0.08442206032067358,0.08903818613741528,0.09358142238855457,0.10202588574854828,0.00021611388171301413
t_FC_subj.S12,0.07270152462376575,0.0074968414062616786,0.057808295501189336,0.06769490385028178,0.07270043806472115,0.07777147228216783,0.08744286635881716,0.0003066148012707846
t_FC_subj.S13,0.10590750865643524,0.009004497172897464,0.0869048877218643,0.09997310525599447,0.1061191426004039,0.11223460919770772,0.12212006700982497,0.0006077576349162964
t_FC_subj.S14,0.14254629352033968,0.008351911159188262,0.12608921546853644,0.13700892150345903,0.14287647835576836,0.14819142486702563,0.15875182996176074,0.0004616377310347073
t_FC_subj.S15,0.07826708312041068,0.009009496046515506,0.060394240909780725,0.07221695107603866,0.07832998842488806,0.0843014904750364,0.095663917096846,0.00022984959096878236
t_FC_subj.S16,0.09229899361022376,0.007458753080194763,0.07716209482326007,0.08739449561573048,0.09261817024201581,0.09739071998872093,0.1065870789400992,0.0002489264221959425
t_FC_subj.S2,0.028591563415829045,0.008700304971648325,0.011724532279872853,0.022829779054969843,0.028311216434432265,0.034263407784335884,0.04637457632190445,0.00030347120781924796
t_FC_subj.S3,0.0793106960197206,0.008003127604357112,0.06330841879604548,0.07400088390400296,0.07944194209703581,0.08475366289508084,0.09480777694628693,0.00028087889992035083
t_FC_subj.S4,0.0681415069965713,0.008028614635934411,0.052336604362575194,0.06274878656202984,0.06821941566384854,0.07353761235896628,0.08402976159242563,0.00025469259698599297
t_FC_subj.S5,0.064885905139396,0.009293140295864994,0.046668779164734234,0.05863194282611195,0.06502759712009248,0.07118058498395768,0.08263654108961857,0.00024252684181357763
t_FC_subj.S6,0.047341780329220054,0.008460951035452963,0.030769203403311286,0.04160214387777251,0.04738823059471055,0.05310800186888988,0.06365234980549009,0.0002744013624002374
t_FC_subj.S7,0.049797475716307736,0.008508387184619222,0.032969702314626925,0.04414637661212614,0.04975323170020664,0.055683321901902796,0.06621842839112738,0.00018959254233241534
t_FC_subj.S8,0.0653081311994928,0.008182538483971442,0.049241974880710596,0.059806371268896694,0.06538133324163481,0.070901795835354,0.08114735314472868,0.00024359214802321992
t_FC_subj.S9,0.035871976270757236,0.006904807521993967,0.021932073556239592,0.03131917585040894,0.0358394312319038,0.04058727604359823,0.04919513352024621,0.0002235678781448086
t_contrast,0.0009673384816660482,0.005030973408569983,-0.008958771823101893,-0.0022691155559341086,0.000880474931464539,0.004273867480245345,0.01086793105211046,9.713336641080504e-05
t_contrast_std,0.01683954481913749,0.004639335041535945,0.009703852828220415,0.013593573884922626,0.016214395544519915,0.019344100856526172,0.0276201360717669,0.00014804268433624547
t_contrast_subj.S1,0.0031235231356364595,0.006971723654227366,-0.01022272588654723,-0.0015869953039579611,0.00296851861729152,0.007676515273053033,0.01741517263135898,0.0001740841793363884
t_contrast_subj.S10,0.005239712553181499,0.005806905826946432,-0.00607718071369495,0.001286638026114886,0.0052748273711106484,0.009192106659863095,0.0162326622681985,0.00012409767945781742
t_contrast_subj.S11,-0.004694041616200505,0.006520251033751128,-0.0179646216652163,-0.009053937577782998,-0.004529786749274324,-0.00030646267667398287,0.0076226483815013055,0.00011614253046980067
t_contrast_subj.S12,0.012862021427156827,0.0076678082532059336,-0.0011206434589492009,0.007557106944591052,0.012440811661303054,0.01782857707183178,0.028479054876691844,0.0002952166197637047
t_contrast_subj.S13,-0.009921044440586611,0.006454376973410832,-0.023219481414377966,-0.014109945864378819,-0.009816203326582222,-0.005735114163400308,0.002858223526565589,0.00029691412499765536
t_contrast_subj.S14,-0.00037982230681164514,0.007282035725238445,-0.014567164613155286,-0.005269498346641324,-0.0004838462457611853,0.004267218358911969,0.014477166966075577,0.0002022670606477496
t_contrast_subj.S15,-0.01805429898098166,0.008261564671946093,-0.03484897913340266,-0.023482888393553402,-0.01796324952035607,-0.012301049831334053,-0.0022538242703792483,0.00014892929931529695
t_contrast_subj.S16,-0.0003354038815712884,0.006369273422389619,-0.012965087158244827,-0.004615306788975329,-0.0002567869715669,0.003976960241532176,0.011943701416981025,0.00012575921319400992
t_contrast_subj.S2,-0.016431649839063516,0.008322773185891117,-0.03372248208438882,-0.02188278219758586,-0.016203114246344193,-0.010636408865345857,-0.000976191502788562,0.00031229119756235777
t_contrast_subj.S3,0.009233657292992041,0.0074110205485894975,-0.0047613911301687475,0.004113104013989424,0.009017704493444951,0.014011309030604362,0.024556233179329257,0.000190955495037103
t_contrast_subj.S4,0.0009778570968068208,0.007073908503273759,-0.01328501803468446,-0.0037429413986993475,0.0012563975231298322,0.0057958536434337266,0.014323900667607345,0.0001948753200363763
t_contrast_subj.S5,-0.002183887952331156,0.008684322002423578,-0.01934806265071582,-0.0079233222844802,-0.002063405727158318,0.0035704356481645015,0.01464501007845942,0.000164589082693256
t_contrast_subj.S6,0.008771223043083566,0.007521853351731119,-0.006129722403874426,0.0037949745557791827,0.008758265601730356,0.013837088829408596,0.02347586475734679,0.00014654183291450227
t_contrast_subj.S7,-0.015442342023350835,0.008617702744843825,-0.033255612758141866,-0.021022938233634852,-0.01515724665123231,-0.009486392851676843,0.0005613795755177037,0.00025118452204447964
t_contrast_subj.S8,0.03893752763640567,0.008526056574765278,0.02279120363452441,0.03316394241740475,0.03873056897594105,0.04452540045942607,0.05627223282569767,0.00023296510606920246
t_contrast_subj.S9,0.003738697260517159,0.006946151764222919,-0.009921128774343459,-0.00085223469708582,0.0038043786278325383,0.008296084268840206,0.017703073234179956,0.0001252273368914141
t_SAT:FC,-0.024254217589181504,0.006540753630998541,-0.03714259354418177,-0.02851218972822268,-0.024191369185470775,-0.020072831070737655,-0.011268608005508527,0.00013896445876690168
t_SAT:FC_std,0.023126855294248475,0.005553051344513591,0.01411053356317712,0.019252965551820198,0.02246671356559718,0.026240247229587947,0.03551995972832874,0.00015234773966415195
t_SAT:FC_subj.S1,-0.0027891248867241434,0.00877832632614275,-0.019757042782476676,-0.008724377625298173,-0.0028668696806596634,0.003066025580612825,0.014407714138444844,0.00036510006664327535
t_SAT:FC_subj.S10,-0.01613017893745585,0.007700212170148071,-0.031040596195185094,-0.02130487193006245,-0.016102057977184236,-0.011028862643886965,-0.0005368008977127345,0.0002300098104674245
t_SAT:FC_subj.S11,-0.030801649314218554,0.008959025435196836,-0.047775551820122164,-0.037068012902199556,-0.0308672767392105,-0.02478401527520157,-0.012787050974873218,0.00027372459763126114
t_SAT:FC_subj.S12,-0.031133527641116855,0.008108247963259044,-0.0471204970473962,-0.03652922867044965,-0.031112090081594778,-0.02568904031111821,-0.0152218140896946,0.00031355111604162907
t_SAT:FC_subj.S13,-0.05887948082548937,0.009770280481867224,-0.07741329711149952,-0.06559591593705533,-0.05896914782760804,-0.052458438629726045,-0.03921453917371203,0.0006287212887395738
t_SAT:FC_subj.S14,-0.04077434888718683,0.0087844776225007,-0.057908371702024966,-0.046797789498237055,-0.040915815354147324,-0.03497762590573358,-0.022967596465346355,0.000490486108200367
t_SAT:FC_subj.S15,-0.02127625479120979,0.011285931650612499,-0.043524863582684696,-0.02876220956759187,-0.021346780807316043,-0.013730474197567656,0.0006757185237772599,0.0002625013933733398
t_SAT:FC_subj.S16,-0.06011878983297296,0.009398155920200069,-0.07842650833761612,-0.06658717839059575,-0.06012695502188732,-0.05357987783550658,-0.04167558592002075,0.00031521940937770073
t_SAT:FC_subj.S2,0.008845295867312575,0.010316646754335159,-0.011726286102598212,0.0020905875513531798,0.008906419964405173,0.015780980493632836,0.029150494429772862,0.00036153984647667827
t_SAT:FC_subj.S3,-0.02833293167089222,0.009535640623405338,-0.0467244288989406,-0.0346789455805369,-0.028431336214594448,-0.021990446185501847,-0.009399006683524176,0.00033453145604896373
t_SAT:FC_subj.S4,-0.027320542446624182,0.009081831361499941,-0.044880552730081166,-0.03358344862143509,-0.02735165837014211,-0.021171019001433235,-0.009643952808616213,0.00028002680887449576
t_SAT:FC_subj.S5,-0.035432116996665215,0.012534813341850099,-0.060575816847723826,-0.04365229534439457,-0.03524925348707449,-0.026811804943734526,-0.011432465679234609,0.0003600701415467699
t_SAT:FC_subj.S6,-0.016766367544203017,0.010284595528975916,-0.03662828847236936,-0.02385138460690287,-0.016806954101547405,-0.009805947754954011,0.0036010314579058966,0.0003246171668213401
t_SAT:FC_subj.S7,-0.008951167653743337,0.010592116095543952,-0.029766168665933755,-0.015961196681465242,-0.00912554953932821,-0.0019034947311092482,0.012584401507770952,0.0002344516169767117
t_SAT:FC_subj.S8,-0.01697091324905395,0.01005339020960998,-0.036412579891060635,-0.023781656325477733,-0.016970011966576742,-0.010367386243046207,0.0026477741596315565,0.00030313847825210377
t_SAT:FC_subj.S9,-0.0018485778537815417,0.0083748815191476,-0.017917819262268722,-0.007483416055765697,-0.0019396719949584043,0.0036576021953572055,0.01488969458058189,0.00025778987109032094
t_SAT:contrast,-0.01120330197135547,0.004141984918377598,-0.01943777157307987,-0.013814465573305568,-0.01118301319407395,-0.008608567741240565,-0.0027064750913539572,0.00012294726889774897
t_SAT:contrast_std,0.009757851838533721,0.0049654837223007346,0.0010918117752551713,0.006199605793283713,0.009542161576345257,0.012857256934229237,0.020200105437434418,0.00029222166673440646
t_SAT:contrast_subj.S1,-0.0149940930309274,0.007527841313682265,-0.030979137838808547,-0.019844819925491315,-0.014436389891039226,-0.010012544897594627,-0.0010409727392871855,0.0001986927042492146
t_SAT:contrast_subj.S10,-0.011720007705048194,0.006434926256337241,-0.02455831193252002,-0.015780524644082552,-0.011525749833517888,-0.0077553071665867335,0.0009718744015261606,0.0001386898292063615
t_SAT:contrast_subj.S11,-0.009168524971904032,0.007364693031428597,-0.023010752513334527,-0.013970433365437697,-0.009681010513196166,-0.0046943837227921,0.0065744796500193,0.00015165463291601824
t_SAT:contrast_subj.S12,-0.022216191749866034,0.008904003369733038,-0.04146434090256078,-0.0280621518109996,-0.021432341033184983,-0.015478361625823082,-0.007771554485314149,0.00038423642042837136
t_SAT:contrast_subj.S13,-0.005580304017151192,0.007144957735097536,-0.018150644915310866,-0.010525491857088166,-0.006161356194282411,-0.0009674534072094797,0.009944381997097348,0.0003463509255561354
t_SAT:contrast_subj.S14,-0.018357479538000963,0.008471994707237232,-0.036857937317840594,-0.023679882594404164,-0.017509821602022274,-0.012309819093402782,-0.003946617987061193,0.00031993763766305773
t_SAT:contrast_subj.S15,-0.014788924010292652,0.00860844650325544,-0.03338533600797644,-0.019768449505251952,-0.014148583195212571,-0.009520499661891026,0.0018326666145667414,0.00018784995630064766
t_SAT:contrast_subj.S16,-0.01332174330895223,0.007004992667954337,-0.027595118354871308,-0.017686501855789724,-0.013058376209801933,-0.00890962230210499,0.0004003130232464458,0.0001600742669850451
t_SAT:contrast_subj.S2,-0.00018785268152848628,0.009874802172072221,-0.016080854256689085,-0.007685346161795996,-0.0012280143853723394,0.0061144301536992796,0.021924574931154253,0.0004537759545297427
t_SAT:contrast_subj.S3,-0.017480477264182764,0.008170488046193403,-0.035159346403047215,-0.02263887467443135,-0.01660534589744874,-0.011626401480355372,-0.0033095880103329745,0.0002671421778664968
t_SAT:contrast_subj.S4,-0.0067161399192873375,0.007641864975564675,-0.02029891295003126,-0.011953955389883367,-0.007371997170174177,-0.001935781378217663,0.00952662171274388,0.00024903610749186286
t_SAT:contrast_subj.S5,-0.012142856574312367,0.008750591984768076,-0.030579211321530905,-0.017096604270515372,-0.011971076495513183,-0.007003920858968983,0.005639184376178122,0.00017452685648270002
t_SAT:contrast_subj.S6,-0.009452572187862157,0.007812372903470576,-0.0247055722289638,-0.014341693848661359,-0.009751659742076299,-0.004909434247951955,0.006935954748815747,0.00018146434785346004
t_SAT:contrast_subj.S7,-0.001688001154179689,0.010029262304622458,-0.0175146834609241,-0.009282345080122684,-0.00303812909497108,0.004529067825298862,0.021028420154538843,0.0004071697841080901
t_SAT:contrast_subj.S8,-0.013143188052638317,0.00820024873466574,-0.030908320049125804,-0.018162857814803382,-0.012500105291144696,-0.007949953073880162,0.0020231158919006495,0.00019576226212150157
t_SAT:contrast_subj.S9,-0.00884729542487719,0.007652290969853929,-0.023602008325002123,-0.013756270785179842,-0.009245435816449411,-0.004284067739899762,0.0075705831854472015,0.00016479657359856837
t_FC:contrast,-0.005997595040532919,0.005166011250769826,-0.015647962278397154,-0.009343921275651649,-0.006311287196005699,-0.002570520030745986,0.004514072449868547,0.00036713593417144884
t_FC:contrast_std,0.005141324632290926,0.003946093496202083,0.0001547149881538343,0.002018250524647094,0.0043251731498947675,0.007481772919739492,0.014715609777132684,0.00024179695962979285
t_FC:contrast_subj.S1,-0.004912848069300899,0.006866886677429614,-0.017521559414612004,-0.009141055358588382,-0.005643848022294876,-0.0007164771519727103,0.010041374292469506,0.0003739852442364609
t_FC:contrast_subj.S10,-0.004668064588181634,0.006638557403012531,-0.016679413994530927,-0.008894761370621557,-0.005378093436681367,-0.0006280382860264777,0.009725043365100931,0.0003687982888742506
t_FC:contrast_subj.S11,-0.004894911664027124,0.006857275958355144,-0.01754831250185101,-0.009113864254655223,-0.005664199122846287,-0.0007366178825676667,0.00964082488380242,0.0003662567681540069
t_FC:contrast_subj.S12,-0.004596882849324259,0.006886202435100021,-0.01714079751811704,-0.008899795647942648,-0.005375642953063212,-0.0002808023836560151,0.01023487542671299,0.00038871289212418875
t_FC:contrast_subj.S13,-0.003624118112046005,0.007387489166070728,-0.016069011670140472,-0.008305701028146784,-0.00482193333032244,0.0007816678350142554,0.012381321930672637,0.00044392356201296615
t_FC:contrast_subj.S14,-0.007635652114645092,0.007155806846392185,-0.022587393033250972,-0.01186494322808531,-0.007274103222706839,-0.003183079054090033,0.006353164226859942,0.0003742855953668487
t_FC:contrast_subj.S15,-0.003921904089244617,0.0077318183231473445,-0.016996748868402932,-0.0086834834683008,-0.005067198427732719,0.0004909995780908313,0.013885791305792528,0.00040075072212455293
t_FC:contrast_subj.S16,-0.006261715806662679,0.006673584698725273,-0.019453784463035653,-0.010292888919552599,-0.006463280483339776,-0.0021002399175648213,0.007326553843323778,0.00036007197138512463
t_FC:contrast_subj.S2,-0.009324630240501413,0.007666120011189579,-0.026922922443680376,-0.013687541858017252,-0.008408964851087043,-0.004709812021980763,0.004264834782380114,0.00039564552579705425
t_FC:contrast_subj.S3,-0.0055340820326774875,0.007084853579783109,-0.01897235339573132,-0.009819550214390984,-0.006086522836892965,-0.001227928524991432,0.009472511917816655,0.0003740046868422114
t_FC:contrast_subj.S4,-0.006556805924214981,0.007031174228564044,-0.020487422938399523,-0.010649229606491766,-0.006668232281152417,-0.0022932906044717555,0.007749192207860273,0.0003687943419341283
t_FC:contrast_subj.S5,-0.0052033610662194415,0.007487288093876147,-0.019146495025481124,-0.009650193193618262,-0.005958103658942539,-0.0008706961167979678,0.010794694442896165,0.0003786274269580392
t_FC:contrast_subj.S6,-0.01001340021336715,0.008188349045132758,-0.029744780061189725,-0.014518566591870483,-0.008905370233627825,-0.005128516088180313,0.0041470358144620354,0.00040921772051220374
t_FC:contrast_subj.S7,-0.004986092838841057,0.007363301489333817,-0.018591572112060223,-0.00937431656493251,-0.005795408411191555,-0.0006595593141043282,0.010921249535053171,0.00037574234125164525
t_FC:contrast_subj.S8,-0.008818541240622627,0.007442480942397573,-0.02571282478400542,-0.013040680162085302,-0.00805674371396706,-0.004326838066939204,0.004767986816653733,0.00037842331281059304
t_FC:contrast_subj.S9,-0.005361763365112635,0.007062947093165494,-0.019127530598471845,-0.009766324699415775,-0.005946429172824352,-0.0010383394033207302,0.009278701855105511,0.00036729572672386946
t_SAT:FC:contrast,0.011541736860235444,0.00670458204926763,-0.001097471021237858,0.007000502154433393,0.011320648769386758,0.015899641228485403,0.024951521113925703,0.0004862425465916206
t_SAT:FC:contrast_std,0.00652656365236231,0.004976130168032087,0.0003380935990598849,0.0025454322894696456,0.0055895064125230445,0.00941897434149197,0.01819725735152423,0.00031052938548555166
t_SAT:FC:contrast_subj.S1,0.01198795901074551,0.008618100754666992,-0.004982173064333968,0.006522240704744063,0.01162755608746907,0.017589955069109185,0.029722745775358307,0.0004754583680423965
t_SAT:FC:contrast_subj.S10,0.011991044581675181,0.008221748395769895,-0.004868981780861925,0.006838737280846703,0.011746773415545086,0.01743172206760106,0.0287067431285739,0.00046373808279505103
t_SAT:FC:contrast_subj.S11,0.011585892370965498,0.008789129625750649,-0.005885090609729686,0.0061506691991686305,0.011185991926122239,0.01719715105514418,0.03031237918835515,0.00047033982044078867
t_SAT:FC:contrast_subj.S12,0.016445563497095483,0.009192671566643246,0.001264975951065844,0.009766180703795611,0.015530162174340105,0.021882698678827354,0.037530986086781015,0.0005214957306111265
t_SAT:FC:contrast_subj.S13,0.010394184620474855,0.008969871416871505,-0.008958966775689147,0.005220969057129172,0.010529777692061846,0.016059470493644923,0.028163664763804837,0.0005343304103297183
t_SAT:FC:contrast_subj.S14,0.007974831840998963,0.009928425354571382,-0.014744986974454526,0.002550299884119025,0.008873622688290833,0.014441602523546516,0.025158985531010238,0.0005699333711910395
t_SAT:FC:contrast_subj.S15,0.011352119047429592,0.009482645375179467,-0.008184304024092644,0.00576551931442966,0.01109869573083179,0.01724194283760208,0.03099030749894121,0.0004820727323212782
t_SAT:FC:contrast_subj.S16,0.010803668054099538,0.00916411974241751,-0.008763515296805587,0.005448065336219192,0.010776239448799935,0.01669842238294454,0.02912627757669102,0.0005072692012681372
t_SAT:FC:contrast_subj.S2,0.011765472462241544,0.009069997619554016,-0.00685854132105479,0.006227820251728078,0.011583625233745221,0.017431334982746134,0.030287963450022805,0.0004847736126328423
t_SAT:FC:contrast_subj.S3,0.01535857026469045,0.009280519399533506,-0.00035066559783155727,0.009085747649294306,0.014543900179855997,0.020736865600608903,0.0358060784605793,0.0004982164678088363
t_SAT:FC:contrast_subj.S4,0.0077422088676715834,0.009739175605698747,-0.014406154822938149,0.002581186369071921,0.008624840028820212,0.01403048577442717,0.02458976734764573,0.0005511025972161973
t_SAT:FC:contrast_subj.S5,0.010018638428305266,0.010065954343119935,-0.012512581207195932,0.004540913061680979,0.010369427718147365,0.016350336249319794,0.028915632830495343,0.0005295535549715058
t_SAT:FC:contrast_subj.S6,0.00955315702343481,0.009535280221073675,-0.011735672641308273,0.004295275632474083,0.009934946416222838,0.01565510352614088,0.02709798544454732,0.0005107014571169482
t_SAT:FC:contrast_subj.S7,0.011200493117483275,0.009316326230618944,-0.008074387044108046,0.005811674834255164,0.011060100543757896,0.01699695112379274,0.029977000147158792,0.0004874204185528545
t_SAT:FC:contrast_subj.S8,0.012525991749309651,0.009071772201320103,-0.005433492825244648,0.006761448269471677,0.012151781592737047,0.01836472236939176,0.03141784782713033,0.0004900350318761532
t_SAT:FC:contrast_subj.S9,0.014204618411746292,0.009230260610466848,-0.0024342211384295546,0.008148280809047222,0.013479157745380728,0.01956002758883372,0.03440613181241225,0.000485420285534885
v_Intercept,-1.7862664169775995,0.13058784702095336,-2.0512003463843365,-1.867279182214523,-1.785660325969929,-1.7013467431466651,-1.5264608112653884,0.0017247315392315064
v_Intercept_std,0.4948724901456025,0.10590062959502758,0.3378584095884998,0.4199316437912233,0.47878852175782377,0.552085433322658,0.7463071839416452,0.0014729857742813292
v_Intercept_subj.S1,-2.1829269655671113,0.0854432988474236,-2.3535384635980776,-2.240461708116892,-2.1823501405442705,-2.1237933321140847,-2.018927497141495,0.0018072985240249223
v_Intercept_subj.S10,-1.8825683983742587,0.07630096557490246,-2.0319298315380796,-1.933483621889351,-1.8820007505248055,-1.8313467295445869,-1.7359016160443979,0.0014414942860072654
v_Intercept_subj.S11,-2.4169040339488337,0.09204053913732714,-2.596941390676887,-2.479169448315542,-2.4156351954517694,-2.354762863095343,-2.239607012453677,0.0018492137293227827
v_Intercept_subj.S12,-2.2118058183418774,0.07522533538170566,-2.36134449868733,-2.261917414738009,-2.2108328884989,-2.161609698853134,-2.066097682193554,0.0018738018783368896
v_Intercept_subj.S13,-2.1719737577851475,0.09876303155077604,-2.3696456593526873,-2.237289423717479,-2.1720131668520875,-2.1043753413181063,-1.981413906873565,0.0018395060476105265
v_Intercept_subj.S14,-0.9362979605648232,0.05492524849334162,-1.0446390618825607,-0.9728201978472276,-0.9356145275766601,-0.8991703938290694,-0.831536637292646,0.0009283169656796826
v_Intercept_subj.S15,-1.5735944841732803,0.08458720177720173,-1.7421013076868077,-1.6297178486629393,-1.5729886250581202,-1.5172792934991688,-1.4092288501208925,0.0013779830514593415
v_Intercept_subj.S16,-1.9513349228043553,0.07708065573882418,-2.1022924452419125,-2.0036202906869787,-1.9516564002192085,-1.8989749950916885,-1.8001899887498705,0.0013951535221096278
v_Intercept_subj.S2,-1.0801570445239692,0.0635814057106547,-1.2036413093338199,-1.123291229089461,-1.079874871704918,-1.0371885646650503,-0.9559366824495057,0.0010393023620223034
v_Intercept_subj.S3,-1.7806942193556332,0.07106111691403366,-1.92049065644228,-1.8286415155884514,-1.7801519239324246,-1.7319993414854225,-1.6441889168755393,0.0014210680680524182
v_Intercept_subj.S4,-1.3236212842835995,0.0595732664036311,-1.4419185387425555,-1.3632199798473574,-1.323314608942189,-1.283354069849107,-1.2058967613270313,0.0011023148476321555
v_Intercept_subj.S5,-1.9420032515485564,0.09644562283939481,-2.136981641984867,-2.0061544720528532,-1.941062002312943,-1.876459025546948,-1.7572911725825413,0.0018608623612419554
v_Intercept_subj.S6,-1.9379954353768845,0.07325645205935173,-2.084292641829087,-1.9861949157794296,-1.9365969287512113,-1.8893293629756907,-1.7957970279593063,0.0016481024549529673
v_Intercept_subj.S7,-1.1835549856193257,0.06830752625658441,-1.31831312011353,-1.2298514532810823,-1.1826724451839663,-1.137608109735194,-1.0521311973335088,0.0011115349952334841
v_Intercept_subj.S8,-2.1755670893163717,0.07143831847789199,-2.316484314264931,-2.224292636814445,-2.1752696596306027,-2.1270519107965007,-2.03542813185491,0.001750770049371154
v_Intercept_subj.S9,-1.910082333122861,0.0835962971156461,-2.0747254078608264,-1.9661450198607857,-1.90906693553212,-1.8535649216076266,-1.7443437998589284,0.001499675915657859
v_contrast,1.7704801797021428,0.15594216681971013,1.4628914113068892,1.6684227504789415,1.769056162949786,1.8718840326697015,2.080796056574175,0.002474898318787927
v_contrast_std,0.5583642014344528,0.13384048228017145,0.3567207018795927,0.46500459948475803,0.5393367318958975,0.6298629286771791,0.8711318371611367,0.0020442273169356995
v_contrast_subj.S1,1.9777481840747961,0.2102006000394594,1.5617909207760534,1.8378826283618896,1.9747112030220022,2.118162349771063,2.3939694294966167,0.00329329212581754
v_contrast_subj.S10,1.898338299394158,0.20020635762771383,1.506158025078261,1.7661701260458327,1.8965276067071726,2.0334257226802896,2.29477360014778,0.002622113290765479
v_contrast_subj.S11,1.162660576639946,0.23359628856890585,0.6937900784907525,1.008618953037159,1.1640638534176642,1.3191491871891017,1.61997526429486,0.0031310666382835016
v_contrast_subj.S12,2.2072363718522934,0.18851019511784528,1.8369657124598553,2.080741951300171,2.2059839346248107,2.3339057943483934,2.582045664460631,0.0029933986377075053
v_contrast_subj.S13,2.245381538570232,0.25646797280318434,1.7433993044288614,2.073479613627112,2.2420791467153887,2.4173071052939075,2.7532358722808605,0.004025208138325986
v_contrast_subj.S14,1.390058042601808,0.15045087274360888,1.0930417153216416,1.287801958293583,1.390814421840886,1.4928877623854369,1.682532583516929,0.0022670138636927788
v_contrast_subj.S15,1.9036106527126937,0.22097648757816954,1.4650424736310528,1.7542182939597077,1.9036940604483048,2.054115692172023,2.33750717268434,0.0025893022549262354
v_contrast_subj.S16,2.506627838923297,0.208601088046456,2.101939052304652,2.3667718290975586,2.5044270611228625,2.647283763112268,2.91330196959042,0.002929669952790375
v_contrast_subj.S2,1.4727347684374301,0.17094211538094425,1.1373087953429248,1.35950556287674,1.4717849132379108,1.5853914551293877,1.8110346676919429,0.002231153310662772
v_contrast_subj.S3,1.6322556292273676,0.17873710504868753,1.2846853443873942,1.510755482880155,1.6308273864434901,1.7550188346276094,1.9760559244979712,0.0024055491321314315
v_contrast_subj.S4,1.2100970923142356,0.156378647801479,0.9080594588364036,1.1017133875739231,1.2097145641575437,1.3165385124235984,1.5132333457037594,0.0018889417913082716
v_contrast_subj.S5,2.4932912297439818,0.2498191253018461,2.0118505625135907,2.325236113393299,2.4919582573770813,2.6591566467125647,2.986721571509361,0.003261270840128886
v_contrast_subj.S6,1.6422715235950613,0.18231683169837729,1.28406510707987,1.5201114073192485,1.6440625316527504,1.765016252723743,2.0020708075161098,0.0021283797758418046
v_contrast_subj.S7,0.8736333851107724,0.18702832730385827,0.49881683281207884,0.7476569362136423,0.873914675445211,1.002953888990732,1.2327189679662767,0.0023296431708843507
v_contrast_subj.S8,2.0064928969992195,0.1757204619985131,1.6708918015457142,1.8856863239479322,2.0054504079567854,2.1245511678930153,2.356147856025379,0.0027381356485488948
v_contrast_subj.S9,1.6927686758585074,0.21144466318160204,1.278001723195919,1.547362703396713,1.6937230048391536,1.834082114839527,2.1013945129422336,0.002578644032433987
a_Intercept,1.084023040545124,0.030912720967139654,1.0256513354501626,1.0632139915297452,1.0835141634670467,1.103344205442307,1.1471867727367202,0.00046129151231543363
a_Intercept_std,0.11725789170157054,0.025512102991803523,0.07942453285018586,0.09927888792443085,0.11340313787346143,0.13055209594932876,0.17913206716124397,0.0004608403263237808
a_Intercept_subj.S1,1.1149159334821481,0.027253833595616006,1.0619828580469006,1.096609026387278,1.1140213367382954,1.1331230464691944,1.1688016940958617,0.0010639898009829367
a_Intercept_subj.S10,0.9453575260535841,0.018983846277629016,0.9082843631227564,0.9324622117064851,0.9448564172248728,0.9580900428638705,0.983397542152174,0.0006133576144759809
a_Intercept_subj.S11,0.893784383655911,0.022774049058587698,0.8505101674464087,0.8778545919424914,0.8932464864393216,0.909370390412964,0.9385714156650021,0.0007444359407163198
a_Intercept_subj.S12,1.177196311139554,0.027289213729632028,1.1254067390420577,1.1581078694556515,1.176834397555944,1.1956182563657094,1.2326230166548897,0.0011815442469180933
a_Intercept_subj.S13,0.9788627329627081,0.029629639318210783,0.9223762288531038,0.9587928268444512,0.9785020148368404,0.9983949578670525,1.0386774356620219,0.0014951083545029918
a_Intercept_subj.S14,1.1248921799159386,0.022436902441266796,1.0818154641034476,1.1094914430978484,1.1246148403264373,1.1400147834446,1.1689050547192477,0.0010247320018563842
a_Intercept_subj.S15,1.008090484205978,0.02630654463553198,0.957905260676016,0.9899568091002646,1.0080838961203658,1.0256295648274263,1.0609606066398494,0.0007895601582511662
a_Intercept_subj.S16,1.009458283660046,0.02385296619932271,0.9655113380795043,0.993048476562189,1.008648196250231,1.0251249602928103,1.059471492266036,0.000710514599617683
a_Intercept_subj.S2,1.1495188751267054,0.02399195920641456,1.1039862415915274,1.1329420297462003,1.1492579860499992,1.1654431030324612,1.1976384037537668,0.000890290945763431
a_Intercept_subj.S3,1.1510037606541,0.02550337178263367,1.1024641382081557,1.1330542842145408,1.1508289260288964,1.1683095842717621,1.201739880528537,0.0009497693103227582
a_Intercept_subj.S4,1.121960376317461,0.022691896177255293,1.0785847576900383,1.1067777796832794,1.1217795875685486,1.137010443745398,1.1667180428520474,0.0006632729160233553
a_Intercept_subj.S5,1.0862230939715933,0.02911071368827019,1.030851619731461,1.0666572474886153,1.0856159384794608,1.1058038591023538,1.1440640715662114,0.0009438821357769667
a_Intercept_subj.S6,1.195652560693081,0.026940211766598228,1.1448144099009252,1.1771695178157502,1.1948720856542736,1.2133129584369489,1.2512060188996137,0.0008369026423307424
a_Intercept_subj.S7,1.0766558979019667,0.02235990429469415,1.0343270251560897,1.0611143671942316,1.0763483518105426,1.0914251947927762,1.1223098021353723,0.00060064614775676
a_Intercept_subj.S8,1.2868857302465035,0.0299620435372594,1.23079182681379,1.2660647521612929,1.2854337752679212,1.3067936356807175,1.3491534303441304,0.0011070597201559992
a_Intercept_subj.S9,0.989046994361229,0.022546090515409862,0.9470170599033446,0.9736216699645386,0.9884051300327309,1.0039107019151035,1.034728703828595,0.0007001345212033408
a_FC,-0.05910625981382905,0.039902692643192114,-0.13887446580564566,-0.08449746855327615,-0.05954054669800343,-0.033277848382411324,0.020277577297903658,0.0007078690362025328
a_FC_std,0.14588744217948274,0.0331685650904476,0.09472544881103112,0.12219776976879677,0.14132024503446028,0.16399284945111908,0.22367527182351568,0.0007079364069718511
a_FC_subj.S1,-0.046031065061802386,0.05038521273888014,-0.1448922434905463,-0.07976555796111555,-0.04645798536185941,-0.012286786403513505,0.05353315811835215,0.001961553971920815
a_FC_subj.S10,-0.1341098032448978,0.03567095708667898,-0.20336775996158515,-0.1582126030934594,-0.13473984666315084,-0.11074817345847747,-0.062340370653137966,0.0010778359748239543
a_FC_subj.S11,-0.13122727312358984,0.04126906987247477,-0.21009744989380638,-0.15951999896982882,-0.13186878150405948,-0.10401634133465934,-0.04932503867933686,0.0012586144256834756
a_FC_subj.S12,0.12493004286406995,0.049048176561382384,0.03157098452515372,0.09062197007892986,0.12390835153401085,0.15880540637635968,0.22077136571017475,0.001830880513322716
a_FC_subj.S13,-0.13532425097197853,0.054534773403261766,-0.2397510993034849,-0.1728333831833967,-0.13583046421253372,-0.09895687184545543,-0.025476281379012852,0.002833077838811
a_FC_subj.S14,-0.012507535108564236,0.040682484267801376,-0.09052642164768485,-0.04022030950898754,-0.013113091889134766,0.015143283204081967,0.06773510612125994,0.0015636570810938371
a_FC_subj.S15,-0.04936370979675566,0.04693880550627857,-0.14126142537448838,-0.08085975945828468,-0.0494839895979422,-0.017615381560016602,0.0429680031574343,0.0012162213199475372
a_FC_subj.S16,0.2991407985989766,0.04586653471987572,0.21135656612580953,0.2679911370443563,0.2988659531753934,0.32929956459871484,0.3915335670570322,0.0014650953276096523
a_FC_subj.S2,-0.2257427633772771,0.04356418040866256,-0.3115324417210906,-0.2549326620924639,-0.22594971620332002,-0.19590301020927897,-0.14071940733226812,0.0014074186443522783
a_FC_subj.S3,-0.024978566761355108,0.04449608144527007,-0.11193573004907105,-0.055400498389165026,-0.024830004959474298,0.005511517244699643,0.06275518793537134,0.0014110243281370554
a_FC_subj.S4,-0.060499560608706815,0.040898160585820104,-0.14133763885476103,-0.08821527686496371,-0.060375601598290266,-0.032469746758633344,0.017522895735200224,0.001114134124356315
a_FC_subj.S5,-0.034759713068986085,0.05240847550494121,-0.1367158244508767,-0.07004092841216772,-0.03476027529833697,0.0008685792839056017,0.06592778845496529,0.0013332698950632967
a_FC_subj.S6,-0.18441032561344747,0.048915008284427595,-0.28244786785537296,-0.21756449268741493,-0.18406271092722953,-0.15003614969613652,-0.09238729977834825,0.0014531935175180223
a_FC_subj.S7,-0.0692691505056054,0.040138274751357866,-0.146528091636904,-0.09678424313209619,-0.07016651524966536,-0.04187554943766031,0.009562226423329545,0.0008875990284438534
a_FC_subj.S8,-0.12600036832349393,0.04989719258047054,-0.22449281975903296,-0.1600124691265694,-0.12584994443571054,-0.09190778000762602,-0.029939629654303967,0.001318205859836161
a_FC_subj.S9,-0.13913712751762025,0.039744687943627795,-0.21616980624542156,-0.1660688540148813,-0.13937852793090114,-0.11230003760264816,-0.06084489642874197,0.0010624268272689161
a_SAT,-0.3253812472799697,0.0369199173455566,-0.3999578517083948,-0.3491797310235883,-0.3257510640964485,-0.30118755975320877,-0.2520711125634957,0.0005175574524773117
a_SAT_std,0.13985170310223938,0.03018069164564333,0.09363960590746247,0.11827587538379578,0.13550979395523421,0.15628897328615488,0.2109742730938295,0.0005007132640653921
a_SAT_subj.S1,-0.45305178890802145,0.032232368735726685,-0.5168838797926616,-0.47468791198326743,-0.4529004207234725,-0.4313634898441822,-0.3889832727918801,0.0012418127424321853
a_SAT_subj.S10,-0.38478034146216955,0.023562853261628047,-0.4314651744113735,-0.4004965994886304,-0.3847997071233311,-0.3688837079135026,-0.33840507686338506,0.0007117792162678259
a_SAT_subj.S11,-0.3186777938339071,0.028625268490987746,-0.37466580815951883,-0.3380640343263393,-0.31847499217328595,-0.29907515050090033,-0.26255776084080906,0.0009108822859792193
a_SAT_subj.S12,-0.4865848928761852,0.030076015134240332,-0.5456086808650479,-0.5069286055510587,-0.4865785990399111,-0.46617559373388634,-0.428749422131757,0.0012406358387169552
a_SAT_subj.S13,-0.296124642900075,0.03513480351373548,-0.3654723083390597,-0.3195276249941735,-0.295630964854955,-0.27245506893059745,-0.22777617739167855,0.0016330537575529446
a_SAT_subj.S14,-0.02864069988342452,0.02968198612273437,-0.08633231277779985,-0.04893035516153848,-0.028672652966752213,-0.00873061309065136,0.030398449038982367,0.001126484362214434
a_SAT_subj.S15,-0.25137248859989886,0.03521885582669444,-0.31912200066120555,-0.2756627822582387,-0.25106171115866777,-0.22743765230396862,-0.18196328432175618,0.0010434988796497152
a_SAT_subj.S16,-0.19454845453878486,0.03051650656314068,-0.2550190910435699,-0.21523885930381703,-0.194302726063544,-0.17369484675062613,-0.13594565093520927,0.000854905317772405
a_SAT_subj.S2,-0.43515396212076984,0.028589268767557144,-0.4910658985482682,-0.45482296095713476,-0.4347738609875736,-0.4152740642314736,-0.3803164242106546,0.0010199014515654484
a_SAT_subj.S3,-0.420524204799182,0.030971776775116137,-0.48031714758178684,-0.441548643322253,-0.42108761611206785,-0.3991636932674624,-0.3601804381091086,0.001160346757781479
a_SAT_subj.S4,-0.13445731639602274,0.02814989058842429,-0.1894507584355951,-0.1535367965776837,-0.13420287391826638,-0.11519272648775863,-0.0786503553423314,0.0007851830473717389
a_SAT_subj.S5,-0.35485902650775486,0.03963867227423073,-0.43334153662358904,-0.38115290630523635,-0.3548230005435606,-0.32840971843304106,-0.2767246778573067,0.001269425915799214
a_SAT_subj.S6,-0.4068479760402215,0.03314285804468834,-0.4733631412076279,-0.42880757122135105,-0.4061203978234056,-0.3842282428816818,-0.34426073708776445,0.0009677580381126007
a_SAT_subj.S7,-0.2980707052040026,0.029601935789069583,-0.357581137373334,-0.31763644160514887,-0.29785846196231863,-0.2779668841001951,-0.24120049739741112,0.0008016801232618995
a_SAT_subj.S8,-0.4097703505687641,0.036472273779800134,-0.48369936794614854,-0.434098903850883,-0.4088508535488935,-0.38486489289393366,-0.34040567543393435,0.0013139003211573483
a_SAT_subj.S9,-0.33377845633154635,0.02909496510336061,-0.39110518742488565,-0.35295410271094585,-0.33324499033170946,-0.3142112519991354,-0.27767002255459766,0.0009580001165368591
a_SAT:FC,0.032256527355890845,0.04159227043616877,-0.0502243128264678,0.005680485399473009,0.031984618415912325,0.05948328807702706,0.11322984807729103,0.0006859578907343946
a_SAT:FC_std,0.14929824725633997,0.037207662553706174,0.09171558182917466,0.12325879380641647,0.14445863357460073,0.16972751072339,0.23471019605027987,0.0008894987317355465
a_SAT:FC_subj.S1,-0.16935239954083012,0.062222619087579756,-0.290946387445278,-0.212518554235451,-0.16944182294771765,-0.12577479162855537,-0.05062433347890387,0.0024021502533503477
a_SAT:FC_subj.S10,0.01743812842261913,0.044254120290896336,-0.07233516582629101,-0.011946294387800128,0.01847967180013672,0.046381795806126086,0.10304944275174056,0.0013044930901082567
a_SAT:FC_subj.S11,0.04453803911542355,0.051507797550615214,-0.057109254608500845,0.011140187916093662,0.04541648190197353,0.07908402043275176,0.14385442170629853,0.00159898831725873
a_SAT:FC_subj.S12,-0.15562357746077304,0.056149189945104025,-0.2662270803902247,-0.19336671421659318,-0.15563648661820492,-0.11696401072274473,-0.04621997221783449,0.0019850843459688315
a_SAT:FC_subj.S13,-0.00925862968396881,0.06296141219344464,-0.13418223115121514,-0.0508995603535386,-0.009354767938728512,0.0336032785543751,0.11281829619076336,0.0029547070539721744
a_SAT:FC_subj.S14,-0.0889597316024506,0.054554823350711365,-0.195982569176523,-0.12547723741340341,-0.08789162672026345,-0.05188114825256776,0.0183378901568354,0.0018406554419617377
a_SAT:FC_subj.S15,0.05268960925851677,0.06099171989965226,-0.06758615393263234,0.012333604034249636,0.05201432181379209,0.09409848234365623,0.17159641069712334,0.0014617741329148333
a_SAT:FC_subj.S16,-0.12639904428386975,0.05933380783213842,-0.24464358540238457,-0.16585452491645897,-0.1257483361102466,-0.08589292925744932,-0.012990496802617213,0.001755556795980772
a_SAT:FC_subj.S2,0.18810446175524995,0.05234974183127344,0.08536361492902783,0.1528328909468112,0.18842960480169166,0.22309587050847468,0.2898563885997242,0.0016730506958615317
a_SAT:FC_subj.S3,0.06387607046953739,0.0541915705481368,-0.041480255739827575,0.02744864552862089,0.06368773305455502,0.10034616617750508,0.1704077473404268,0.0016743460965119319
a_SAT:FC_subj.S4,0.08356908598036719,0.05191803780640918,-0.01648645810928221,0.04848559296331406,0.083708401041148,0.11801488157566936,0.18665635182726226,0.0013255304618237014
a_SAT:FC_subj.S5,0.22602616570803025,0.07223567184538951,0.0888825867967844,0.17679858381181976,0.2237356784761916,0.273279423290222,0.37529573395295246,0.0020312603591880257
a_SAT:FC_subj.S6,0.2555602379251627,0.06235342474113275,0.13628332295460371,0.212505526919386,0.2546130003218137,0.29789751658384356,0.3777464125416744,0.0018411256510515433
a_SAT:FC_subj.S7,0.01048444190792357,0.05235348049551432,-0.09285429089383979,-0.024850142406881687,0.010619779442955703,0.046724042059766505,0.11174298579153653,0.0010992632778688378
a_SAT:FC_subj.S8,0.05723868937902588,0.061267927902662514,-0.06051007797646636,0.015995203464596854,0.05660568858822638,0.09807001774009999,0.1804296913176617,0.0016433020533570208
a_SAT:FC_subj.S9,0.0643462583762469,0.05148572499747479,-0.03531186209870294,0.028840474216916018,0.0645111125751853,0.09860753486129586,0.16805192122049897,0.0012618941350994995
z_Intercept,0.5041246533227709,0.013500613457391964,0.47740615912637746,0.49520179291488153,0.5041377248712194,0.5131254110783269,0.5310075633679235,0.0002831810552325748
z_Intercept_std,0.20953363392624588,0.02174615414342793,0.17023594848412718,0.1943062590776654,0.20851963382892139,0.22387615165841318,0.25474572774889054,0.00024274751916435766
z_Intercept_subj.S1,0.5713245273364089,0.009568761864996729,0.5521755523364092,0.5651152435672376,0.5714162311521644,0.5778385438311378,0.5896766498122988,0.000270728805583625
z_Intercept_subj.S10,0.49931643645963314,0.008520610106430467,0.482004456386041,0.49369252998534585,0.4994091493389201,0.504890638488363,0.5159529983575962,0.00019909416025588314
z_Intercept_subj.S11,0.49309271816281036,0.009791899986939728,0.4736793157711471,0.48659509822116864,0.493302811249011,0.49973184189236075,0.5126943067408797,0.00021286296564315745
z_Intercept_subj.S12,0.3776469570327347,0.007723315767219852,0.36241890629515805,0.37244685342808953,0.3776967966325772,0.3828394906900577,0.3928570965573081,0.00021931962372206216
z_Intercept_subj.S13,0.5547349918093111,0.011594843446837517,0.5332315565601966,0.5467117607467423,0.5546651769723452,0.5629248492273001,0.5767768707799766,0.0003409000247307536
z_Intercept_subj.S14,0.6106670279297972,0.007301483847930311,0.595749030769319,0.6060704511035199,0.6110033013392653,0.6155864164366891,0.6242505185397665,0.00023044737618438575
z_Intercept_subj.S15,0.5003341690589075,0.01055795021285417,0.47963985303212603,0.49316910605306274,0.5002865495998257,0.5076351842176244,0.5208596087631254,0.0002502911296899913
z_Intercept_subj.S16,0.5148210783231658,0.008643178640694638,0.4969107372425694,0.5091270842206334,0.5145382741343245,0.5207341074011712,0.5319199742545743,0.00020667805034796269
z_Intercept_subj.S2,0.49556535272115015,0.008203674124568072,0.4794960107967872,0.48999567022789525,0.4954055361591526,0.5012273829851992,0.5115558767603223,0.00018227809108637002
z_Intercept_subj.S3,0.43026007175505837,0.008358773846586816,0.4140529496593091,0.4244588620321658,0.4303288899037379,0.43596956535916925,0.4468878233810921,0.00017147324877196785
z_Intercept_subj.S4,0.606712057469498,0.007227056425259682,0.5929692460352253,0.6018687826927946,0.6067499262163708,0.6116091271637651,0.6207589939535492,0.0001861046539122477
z_Intercept_subj.S5,0.48008048727895547,0.011418061924677434,0.4584137155258276,0.47222950610381664,0.47997645661088273,0.4874526825047984,0.5030058224949138,0.00024143601936406443
z_Intercept_subj.S6,0.5965259197738483,0.00836703431163212,0.5795073892334734,0.5910189118498648,0.5965812078862125,0.6026701600495017,0.6121319350163607,0.00018086248880691522
z_Intercept_subj.S7,0.4203864957196669,0.00850386721802048,0.403625598641453,0.4146658708406844,0.42035307363758073,0.4262446484138948,0.4366748425737611,0.0001750698140556527
z_Intercept_subj.S8,0.5218131682096513,0.0075212123935457925,0.5070317150311903,0.5167350995205016,0.5217996870192629,0.5267697951936023,0.5364766162475122,0.0001547697445317439
z_Intercept_subj.S9,0.3875673864532236,0.00966476342378819,0.3687875534885456,0.3811600030220864,0.38761478531113847,0.3940756374337051,0.40625694233477727,0.0002517873426402762
z_FC,0.019632477576368972,0.011491251589236322,-0.0029567003613233805,0.012326413179878617,0.019537621415401274,0.02699261357601612,0.04245526064061192,0.00015966048280300626
z_FC_std,0.04108056661021886,0.01036328852011676,0.024976494401233083,0.0337951168447619,0.039665644424721286,0.04679537105394899,0.0654988947916862,0.00018924672083938738
z_FC_subj.S1,0.02641645278409532,0.01741867071754019,-0.007808192968979156,0.014816057722253277,0.026266196001426177,0.03837578286099923,0.06044872323745749,0.0002184730438551091
z_FC_subj.S10,0.004301492158124847,0.015531330849511903,-0.025915430360236073,-0.006150032667017007,0.004479950524124449,0.01503611227974403,0.034440256353661367,0.00016125185276919663
z_FC_subj.S11,-0.045145454466833906,0.018737935150821065,-0.08213155347438267,-0.05774145503053548,-0.04505284630128363,-0.032356014450561056,-0.00856635092613127,0.00025405738814252455
z_FC_subj.S12,-0.012326486984232133,0.014566029011138754,-0.041637295378134154,-0.021958578948062052,-0.012203800180881262,-0.0026282826359191915,0.015853786327878372,0.00019426786419896247
z_FC_subj.S13,0.0352383227501261,0.020050371508900388,-0.004404966774350677,0.021690998130101873,0.035214880500802875,0.04841932059334508,0.07471876096077196,0.00030464567161252794
z_FC_subj.S14,0.05937588805885041,0.014066488103946782,0.03183018824190811,0.04994292903877792,0.059302091732202855,0.06910674396043699,0.08663264636249973,0.00027052014697153125
z_FC_subj.S15,0.09614341509624018,0.021010135030065304,0.05493185977446572,0.08185652286286695,0.09593372103215458,0.11026395877585107,0.13743342764479263,0.0003001972295881369
z_FC_subj.S16,-0.004244322907258831,0.015989399592391762,-0.035501087422901034,-0.014859938541024475,-0.004241829613254547,0.006686161137322316,0.026711904941395324,0.00017607837715241813
z_FC_subj.S2,0.015527000364916135,0.01563809526250871,-0.015331083703637944,0.005101037067057432,0.01571469274510682,0.0259921889974394,0.04632775806777978,0.00021089989049195425
z_FC_subj.S3,0.027411085070257003,0.015397123697148237,-0.0030205169346797546,0.017108804764760597,0.02759136134824391,0.03786565151315657,0.05744716015857369,0.00016125360763753158
z_FC_subj.S4,0.019550109493388895,0.013828311594137879,-0.008224433386913171,0.010404150696502006,0.0196937049032321,0.028784574436004566,0.04657262278650667,0.00017011401076544788
z_FC_subj.S5,-0.004814556681947045,0.020289973506811495,-0.044165432884491373,-0.01853756246439805,-0.00502239191506923,0.008787034299664175,0.03465770065909646,0.00021885632649071155
z_FC_subj.S6,0.00941533490128178,0.01551329286744187,-0.021051386904356838,-0.0011218395826165309,0.009602532071239182,0.019859375770552114,0.0393851548379864,0.0001630423944728606
z_FC_subj.S7,-0.012086022493009654,0.016278579150630638,-0.044017691297071886,-0.023023808302985994,-0.01196531334197358,-0.0010943527682288207,0.019420012991365185,0.0001788992623114066
z_FC_subj.S8,0.05283728703346114,0.014865904448178667,0.024196846879911936,0.042672202998388524,0.05278514379542281,0.06282673492370736,0.08223670292271627,0.00014537622001425924
z_FC_subj.S9,0.046172817386354904,0.017456180178472513,0.012040192549123838,0.03416077938991081,0.0458846027160419,0.05786189353248184,0.08077438149086608,0.00023644412416064204
